account,date,n_trades,total_pnl,avg_trade_size_usd,total_volume_usd,n_unique_coins,n_closes,win_rate,n_opens,long_ratio,classification,sentiment_side,strategy1_flag
0x28736f43f1e871e6aa8b1148d38d4994275d72c4,2025-02-03,75,439.634046,1251.5914666666667,93869.36,7,46.0,0.9782608695652174,18.0,1.0,Fear,Fear,Crowded Long - Reduce Exposure
0x28736f43f1e871e6aa8b1148d38d4994275d72c4,2025-02-07,54,932.4458159999999,596.832037037037,32228.93,5,36.0,1.0,5.0,1.0,Fear,Fear,Crowded Long - Reduce Exposure
0x28736f43f1e871e6aa8b1148d38d4994275d72c4,2025-02-08,32,0.0,630.2528125,20168.09,7,,,17.0,1.0,Fear,Fear,Crowded Long - Reduce Exposure
0x28736f43f1e871e6aa8b1148d38d4994275d72c4,2025-02-10,43,436.833818,1075.9925581395348,46267.68,5,29.0,1.0,11.0,1.0,Fear,Fear,Crowded Long - Reduce Exposure
0x28736f43f1e871e6aa8b1148d38d4994275d72c4,2025-02-25,49,168.27053,883.3975510204082,43286.48,8,13.0,1.0,29.0,0.9655172413793104,Fear,Fear,Crowded Long - Reduce Exposure
0x28736f43f1e871e6aa8b1148d38d4994275d72c4,2025-02-28,81,-3425.450348,1611.6066666666666,130540.14,7,29.0,0.896551724137931,51.0,1.0,Extreme Fear,Fear,Crowded Long - Reduce Exposure
0x28736f43f1e871e6aa8b1148d38d4994275d72c4,2025-03-01,37,557.9358,840.2127027027027,31087.87,6,14.0,1.0,22.0,0.8181818181818182,Extreme Fear,Fear,Crowded Long - Reduce Exposure
0x28736f43f1e871e6aa8b1148d38d4994275d72c4,2025-03-03,58,494.669357,536.928448275862,31141.85,7,21.0,1.0,37.0,0.8648648648648649,Fear,Fear,Crowded Long - Reduce Exposure
0x28736f43f1e871e6aa8b1148d38d4994275d72c4,2025-03-04,43,163.73415,1091.9493023255814,46953.82,7,13.0,1.0,30.0,1.0,Extreme Fear,Fear,Crowded Long - Reduce Exposure
0x28736f43f1e871e6aa8b1148d38d4994275d72c4,2025-03-05,26,437.35445200000004,1109.076923076923,28836.0,5,20.0,1.0,4.0,1.0,Extreme Fear,Fear,Crowded Long - Reduce Exposure
0x28736f43f1e871e6aa8b1148d38d4994275d72c4,2025-03-07,40,411.824274,748.432,29937.28,6,15.0,1.0,25.0,1.0,Fear,Fear,Crowded Long - Reduce Exposure
0x28736f43f1e871e6aa8b1148d38d4994275d72c4,2025-03-08,35,173.811132,698.2522857142857,24438.829999999998,7,14.0,1.0,21.0,1.0,Fear,Fear,Crowded Long - Reduce Exposure
0x28736f43f1e871e6aa8b1148d38d4994275d72c4,2025-03-09,36,140.953497,1118.493611111111,40265.77,5,6.0,1.0,30.0,1.0,Fear,Fear,Crowded Long - Reduce Exposure
0x28736f43f1e871e6aa8b1148d38d4994275d72c4,2025-03-10,31,-4026.754395,838.0596774193548,25979.85,6,16.0,0.1875,15.0,1.0,Extreme Fear,Fear,Crowded Long - Reduce Exposure
0x28736f43f1e871e6aa8b1148d38d4994275d72c4,2025-03-11,24,0.0,538.44125,12922.59,4,,,16.0,1.0,Extreme Fear,Fear,Crowded Long - Reduce Exposure
0x28736f43f1e871e6aa8b1148d38d4994275d72c4,2025-03-12,9,33.01095,851.8611111111111,7666.75,2,4.0,1.0,5.0,1.0,Fear,Fear,Crowded Long - Reduce Exposure
0x28736f43f1e871e6aa8b1148d38d4994275d72c4,2025-03-16,27,106.912886,618.9422222222222,16711.44,4,18.0,1.0,9.0,1.0,Fear,Fear,Crowded Long - Reduce Exposure
0x28736f43f1e871e6aa8b1148d38d4994275d72c4,2025-03-17,2,0.0,653.5999999999999,1307.1999999999998,2,,,2.0,1.0,Fear,Fear,Crowded Long - Reduce Exposure
0x28736f43f1e871e6aa8b1148d38d4994275d72c4,2025-03-21,12,0.5844,187.86083333333332,2254.33,3,1.0,1.0,11.0,0.8181818181818182,Fear,Fear,Crowded Long - Reduce Exposure
0x28736f43f1e871e6aa8b1148d38d4994275d72c4,2025-03-27,38,-133.035992,1857.9734210526317,70602.99,6,9.0,0.6666666666666666,25.0,1.0,Fear,Fear,Crowded Long - Reduce Exposure
0x28736f43f1e871e6aa8b1148d38d4994275d72c4,2025-03-28,41,-21.766132,876.1812195121952,35923.43,7,4.0,0.25,37.0,0.972972972972973,Fear,Fear,Crowded Long - Reduce Exposure
0x28736f43f1e871e6aa8b1148d38d4994275d72c4,2025-03-29,15,28.499012000000004,468.65066666666667,7029.76,6,5.0,1.0,10.0,1.0,Fear,Fear,Crowded Long - Reduce Exposure
0x28736f43f1e871e6aa8b1148d38d4994275d72c4,2025-03-30,44,-743.288757,726.7522727272727,31977.1,11,11.0,0.09090909090909091,33.0,0.9393939393939394,Fear,Fear,Crowded Long - Reduce Exposure
0x28736f43f1e871e6aa8b1148d38d4994275d72c4,2025-03-31,52,3.5652170000000005,375.1351923076923,19507.03,7,14.0,0.5,37.0,1.0,Fear,Fear,Crowded Long - Reduce Exposure
0x28736f43f1e871e6aa8b1148d38d4994275d72c4,2025-04-01,41,768.351892,422.4107317073171,17318.84,7,29.0,0.9310344827586207,7.0,1.0,Fear,Fear,Crowded Long - Reduce Exposure
0x28736f43f1e871e6aa8b1148d38d4994275d72c4,2025-04-02,70,669.381363,414.13428571428574,28989.4,6,42.0,1.0,14.0,0.9285714285714286,Fear,Fear,Crowded Long - Reduce Exposure
0x28736f43f1e871e6aa8b1148d38d4994275d72c4,2025-04-03,85,149.51234499999998,453.3190588235294,38532.12,5,21.0,0.47619047619047616,64.0,1.0,Fear,Fear,Crowded Long - Reduce Exposure
0x28736f43f1e871e6aa8b1148d38d4994275d72c4,2025-04-04,100,498.73528200000004,280.5443,28054.43,10,63.0,0.8888888888888888,35.0,0.8571428571428571,Fear,Fear,Crowded Long - Reduce Exposure
0x28736f43f1e871e6aa8b1148d38d4994275d72c4,2025-04-05,56,177.049662,331.27535714285716,18551.420000000002,4,38.0,0.8947368421052632,18.0,1.0,Fear,Fear,Crowded Long - Reduce Exposure
0x28736f43f1e871e6aa8b1148d38d4994275d72c4,2025-04-06,74,-476.77056300000004,387.5243243243243,28676.8,7,38.0,0.7105263157894737,36.0,1.0,Fear,Fear,Crowded Long - Reduce Exposure
0x28736f43f1e871e6aa8b1148d38d4994275d72c4,2025-04-07,150,-19833.530157,830.2844666666666,124542.67,7,110.0,0.24545454545454545,28.0,1.0,Extreme Fear,Fear,Crowded Long - Reduce Exposure
0x28736f43f1e871e6aa8b1148d38d4994275d72c4,2025-04-08,65,230.103259,279.894,18193.11,5,28.0,0.8571428571428571,7.0,1.0,Extreme Fear,Fear,Crowded Long - Reduce Exposure
0x28736f43f1e871e6aa8b1148d38d4994275d72c4,2025-04-09,53,94.077376,244.56867924528302,12962.14,5,19.0,0.631578947368421,8.0,1.0,Extreme Fear,Fear,Crowded Long - Reduce Exposure
0x2c229d22b100a7beb69122eed721cee9b24011dd,2025-02-07,149,-1145.924392,2135.150268456376,318137.39,2,102.0,0.058823529411764705,47.0,1.0,Fear,Fear,Crowded Long - Reduce Exposure
0x2c229d22b100a7beb69122eed721cee9b24011dd,2025-02-25,24,169.617628,1016.4883333333333,24395.72,2,18.0,0.8333333333333334,6.0,1.0,Fear,Fear,Crowded Long - Reduce Exposure
0x2c229d22b100a7beb69122eed721cee9b24011dd,2025-02-26,10,25.30602,156.53799999999998,1565.3799999999999,1,9.0,1.0,1.0,1.0,Extreme Fear,Fear,Crowded Long - Reduce Exposure
0x2c229d22b100a7beb69122eed721cee9b24011dd,2025-03-05,89,11113.173067,2537.6704494382025,225852.67,2,58.0,1.0,31.0,1.0,Extreme Fear,Fear,Crowded Long - Reduce Exposure
0x2c229d22b100a7beb69122eed721cee9b24011dd,2025-03-06,15,279.152034,1287.3273333333334,19309.91,1,11.0,1.0,4.0,1.0,Fear,Fear,Crowded Long - Reduce Exposure
0x2c229d22b100a7beb69122eed721cee9b24011dd,2025-03-07,3,1.17533,972.65,2917.95,1,1.0,1.0,2.0,1.0,Fear,Fear,Crowded Long - Reduce Exposure
0x2c229d22b100a7beb69122eed721cee9b24011dd,2025-03-11,13,276.7687,3849.383076923077,50041.98,1,10.0,1.0,3.0,1.0,Extreme Fear,Fear,Crowded Long - Reduce Exposure
0x2c229d22b100a7beb69122eed721cee9b24011dd,2025-03-21,74,1215.774424,1528.0594594594593,113076.4,2,53.0,1.0,21.0,1.0,Fear,Fear,Crowded Long - Reduce Exposure
0x2c229d22b100a7beb69122eed721cee9b24011dd,2025-03-23,15,514.5145660000001,919.33,13789.95,1,9.0,1.0,6.0,1.0,Fear,Fear,Crowded Long - Reduce Exposure
0x2c229d22b100a7beb69122eed721cee9b24011dd,2025-04-01,9,1334.414834,1193.0444444444445,10737.4,1,4.0,1.0,5.0,1.0,Fear,Fear,Crowded Long - Reduce Exposure
0x2c229d22b100a7beb69122eed721cee9b24011dd,2025-04-02,6,1.1031579999999999,395.24,2371.44,1,3.0,0.6666666666666666,3.0,1.0,Fear,Fear,Crowded Long - Reduce Exposure
0x2c229d22b100a7beb69122eed721cee9b24011dd,2025-04-03,26,160.127816,739.3319230769231,19222.63,1,19.0,1.0,7.0,1.0,Fear,Fear,Crowded Long - Reduce Exposure
0x2c229d22b100a7beb69122eed721cee9b24011dd,2025-04-11,45,1419.922474,1310.5517777777777,58974.83,1,34.0,1.0,11.0,1.0,Fear,Fear,Crowded Long - Reduce Exposure
0x2c229d22b100a7beb69122eed721cee9b24011dd,2025-04-14,8,18.103863,133.5325,1068.26,1,7.0,0.7142857142857143,1.0,1.0,Fear,Fear,Crowded Long - Reduce Exposure
0x2c229d22b100a7beb69122eed721cee9b24011dd,2025-04-18,7,11.209037,74.56857142857143,521.98,1,6.0,1.0,1.0,1.0,Fear,Fear,Crowded Long - Reduce Exposure
0x39cef799f8b69da1995852eea189df24eb5cae3c,2025-03-04,63,863.956464,3213.5458730158734,202453.39,3,30.0,1.0,26.0,1.0,Extreme Fear,Fear,Crowded Long - Reduce Exposure
0x39cef799f8b69da1995852eea189df24eb5cae3c,2025-03-21,3,0.0,10058.62,30175.86,1,,,3.0,1.0,Fear,Fear,Crowded Long - Reduce Exposure
0x3f9a0aadc7f04a7c9d75dc1b5a6ddd6e36486cf6,2024-10-03,5,100.375782,2585.338,12926.69,1,3.0,1.0,2.0,1.0,Fear,Fear,Crowded Long - Reduce Exposure
0x430f09841d65beb3f27765503d0f850b8bce7713,2025-02-07,93,5615.052102,4485.160645161291,417119.94,1,24.0,1.0,69.0,1.0,Fear,Fear,Crowded Long - Reduce Exposure
0x430f09841d65beb3f27765503d0f850b8bce7713,2025-04-09,79,0.0,5570.2651898734175,440050.95,1,,,79.0,1.0,Extreme Fear,Fear,Crowded Long - Reduce Exposure
0x47add9a56df66b524d5e2c1993a43cde53b6ed85,2025-02-07,17,126.11297599999999,288.2288235294118,4899.89,3,15.0,0.9333333333333333,2.0,1.0,Fear,Fear,Crowded Long - Reduce Exposure
0x47add9a56df66b524d5e2c1993a43cde53b6ed85,2025-02-08,22,78.902492,532.6045454545455,11717.3,8,5.0,1.0,8.0,1.0,Fear,Fear,Crowded Long - Reduce Exposure
0x47add9a56df66b524d5e2c1993a43cde53b6ed85,2025-02-19,22,89.261197,303.90090909090907,6685.82,5,8.0,0.75,9.0,1.0,Fear,Fear,Crowded Long - Reduce Exposure
0x47add9a56df66b524d5e2c1993a43cde53b6ed85,2025-03-04,32,444.266681,502.8234375,16090.35,9,7.0,1.0,11.0,1.0,Extreme Fear,Fear,Crowded Long - Reduce Exposure
0x47add9a56df66b524d5e2c1993a43cde53b6ed85,2025-03-08,31,119.3611,449.9274193548387,13947.75,4,7.0,1.0,24.0,1.0,Fear,Fear,Crowded Long - Reduce Exposure
0x47add9a56df66b524d5e2c1993a43cde53b6ed85,2025-03-09,8,0.0,827.6537500000001,6621.2300000000005,5,,,6.0,1.0,Fear,Fear,Crowded Long - Reduce Exposure
0x47add9a56df66b524d5e2c1993a43cde53b6ed85,2025-03-10,16,0.0,734.3568750000001,11749.710000000001,5,,,15.0,1.0,Extreme Fear,Fear,Crowded Long - Reduce Exposure
0x47add9a56df66b524d5e2c1993a43cde53b6ed85,2025-03-16,7,-6.342484000000001,569.8328571428572,3988.83,3,5.0,0.4,2.0,1.0,Fear,Fear,Crowded Long - Reduce Exposure
0x47add9a56df66b524d5e2c1993a43cde53b6ed85,2025-03-31,16,798.187528,471.555,7544.88,5,5.0,1.0,11.0,0.9090909090909091,Fear,Fear,Crowded Long - Reduce Exposure
0x47add9a56df66b524d5e2c1993a43cde53b6ed85,2025-04-01,19,-680.287463,247.43947368421055,4701.35,5,18.0,0.3333333333333333,1.0,1.0,Fear,Fear,Crowded Long - Reduce Exposure
0x47add9a56df66b524d5e2c1993a43cde53b6ed85,2025-04-02,4,93.006465,405.9275,1623.71,3,3.0,1.0,1.0,1.0,Fear,Fear,Crowded Long - Reduce Exposure
0x47add9a56df66b524d5e2c1993a43cde53b6ed85,2025-04-03,14,7.052034,635.2357142857143,8893.3,4,2.0,1.0,10.0,1.0,Fear,Fear,Crowded Long - Reduce Exposure
0x47add9a56df66b524d5e2c1993a43cde53b6ed85,2025-04-04,2,0.0,874.78,1749.56,2,,,1.0,1.0,Fear,Fear,Crowded Long - Reduce Exposure
0x47add9a56df66b524d5e2c1993a43cde53b6ed85,2025-04-16,11,17.022667,768.989090909091,8458.880000000001,5,3.0,1.0,4.0,1.0,Fear,Fear,Crowded Long - Reduce Exposure
0x4acb90e786d897ecffb614dc822eb231b4ffb9f4,2025-02-25,215,11271.895074,5634.781581395349,1211478.04,3,114.0,1.0,101.0,1.0,Fear,Fear,Crowded Long - Reduce Exposure
0x4acb90e786d897ecffb614dc822eb231b4ffb9f4,2025-02-27,12,503.31943,8378.118333333334,100537.42,1,4.0,1.0,8.0,1.0,Extreme Fear,Fear,Crowded Long - Reduce Exposure
0x4acb90e786d897ecffb614dc822eb231b4ffb9f4,2025-02-28,89,22299.186495,14857.899887640451,1322353.09,2,72.0,1.0,17.0,1.0,Extreme Fear,Fear,Crowded Long - Reduce Exposure
0x4acb90e786d897ecffb614dc822eb231b4ffb9f4,2025-03-03,19,0.0,10522.962631578948,199936.29,1,,,19.0,1.0,Fear,Fear,Crowded Long - Reduce Exposure
0x4acb90e786d897ecffb614dc822eb231b4ffb9f4,2025-03-04,155,0.0,5549.306774193548,860142.5499999999,3,,,155.0,1.0,Extreme Fear,Fear,Crowded Long - Reduce Exposure
0x4acb90e786d897ecffb614dc822eb231b4ffb9f4,2025-03-06,15,5109.859504,9685.342,145280.13,2,5.0,1.0,10.0,1.0,Fear,Fear,Crowded Long - Reduce Exposure
0x4acb90e786d897ecffb614dc822eb231b4ffb9f4,2025-03-07,57,0.0,1755.7517543859651,100077.85,1,,,57.0,1.0,Fear,Fear,Crowded Long - Reduce Exposure
0x4acb90e786d897ecffb614dc822eb231b4ffb9f4,2025-03-10,114,0.08712,5590.744561403509,637344.88,3,1.0,1.0,113.0,1.0,Extreme Fear,Fear,Crowded Long - Reduce Exposure
0x4acb90e786d897ecffb614dc822eb231b4ffb9f4,2025-03-11,84,0.0,3216.501666666667,270186.14,2,,,84.0,1.0,Extreme Fear,Fear,Crowded Long - Reduce Exposure
0x4acb90e786d897ecffb614dc822eb231b4ffb9f4,2025-03-21,17,0.0,1470.5794117647058,24999.85,1,,,17.0,1.0,Fear,Fear,Crowded Long - Reduce Exposure
0x4acb90e786d897ecffb614dc822eb231b4ffb9f4,2025-03-23,76,2897.148962,3986.6614473684212,302986.27,1,26.0,1.0,50.0,1.0,Fear,Fear,Crowded Long - Reduce Exposure
0x4acb90e786d897ecffb614dc822eb231b4ffb9f4,2025-03-29,23,314.6728,15232.22,350341.06,3,3.0,1.0,20.0,1.0,Fear,Fear,Crowded Long - Reduce Exposure
0x4acb90e786d897ecffb614dc822eb231b4ffb9f4,2025-03-31,47,4750.8109939999995,9463.05744680851,444763.7,2,26.0,1.0,21.0,1.0,Fear,Fear,Crowded Long - Reduce Exposure
0x4acb90e786d897ecffb614dc822eb231b4ffb9f4,2025-04-03,60,0.0,16666.611,999996.66,1,,,60.0,1.0,Fear,Fear,Crowded Long - Reduce Exposure
0x4acb90e786d897ecffb614dc822eb231b4ffb9f4,2025-04-04,51,0.0,8264.040980392158,421466.09,2,,,51.0,1.0,Fear,Fear,Crowded Long - Reduce Exposure
0x4acb90e786d897ecffb614dc822eb231b4ffb9f4,2025-04-06,103,0.0,5508.490970873787,567374.5700000001,2,,,103.0,1.0,Fear,Fear,Crowded Long - Reduce Exposure
0x4acb90e786d897ecffb614dc822eb231b4ffb9f4,2025-04-07,189,13642.628143,7781.819788359788,1470763.94,2,40.0,1.0,149.0,1.0,Extreme Fear,Fear,Crowded Long - Reduce Exposure
0x4acb90e786d897ecffb614dc822eb231b4ffb9f4,2025-04-09,290,107892.62706,17935.84644827586,5201395.47,3,143.0,0.958041958041958,147.0,0.9591836734693877,Extreme Fear,Fear,Crowded Long - Reduce Exposure
0x4acb90e786d897ecffb614dc822eb231b4ffb9f4,2025-04-10,222,84856.33534,26118.342432432433,5798272.0200000005,2,80.0,1.0,142.0,1.0,Fear,Fear,Crowded Long - Reduce Exposure
0x4acb90e786d897ecffb614dc822eb231b4ffb9f4,2025-04-21,23,-681.29819,30543.59565217391,702502.7,1,22.0,0.0,1.0,1.0,Fear,Fear,Crowded Long - Reduce Exposure
0x4f93fead39b70a1824f981a54d4e55b278e9f760,2024-06-29,17,1842.738325,13148.880588235294,223530.97,1,13.0,1.0,4.0,1.0,Fear,Fear,Crowded Long - Reduce Exposure
0x4f93fead39b70a1824f981a54d4e55b278e9f760,2024-07-04,14,0.0,18215.87285714286,255022.22,1,,,14.0,1.0,Fear,Fear,Crowded Long - Reduce Exposure
0x4f93fead39b70a1824f981a54d4e55b278e9f760,2024-07-05,20,0.0,13514.937,270298.74,1,,,20.0,1.0,Fear,Fear,Crowded Long - Reduce Exposure
0x4f93fead39b70a1824f981a54d4e55b278e9f760,2024-07-10,43,11595.627026,15625.97930232558,671917.11,1,33.0,1.0,10.0,1.0,Fear,Fear,Crowded Long - Reduce Exposure
0x4f93fead39b70a1824f981a54d4e55b278e9f760,2024-07-11,19,1876.812082,8941.422105263156,169887.02,1,9.0,1.0,10.0,1.0,Fear,Fear,Crowded Long - Reduce Exposure
0x4f93fead39b70a1824f981a54d4e55b278e9f760,2024-07-12,10,0.0,7600.664999999999,76006.65,1,,,10.0,1.0,Fear,Fear,Crowded Long - Reduce Exposure
0x4f93fead39b70a1824f981a54d4e55b278e9f760,2024-08-03,13,0.0,8652.23,112478.98999999999,1,,,13.0,1.0,Fear,Fear,Crowded Long - Reduce Exposure
0x4f93fead39b70a1824f981a54d4e55b278e9f760,2024-08-04,72,-108604.496278,12521.542916666665,901551.09,1,60.0,0.0,12.0,1.0,Fear,Fear,Crowded Long - Reduce Exposure
0x4f93fead39b70a1824f981a54d4e55b278e9f760,2024-08-05,17,-4779.219012,12572.832941176472,213738.16,1,2.0,0.0,15.0,1.0,Fear,Fear,Crowded Long - Reduce Exposure
0x4f93fead39b70a1824f981a54d4e55b278e9f760,2024-08-12,16,858.6705000000001,2758.775,44140.4,1,6.0,1.0,10.0,1.0,Fear,Fear,Crowded Long - Reduce Exposure
0x4f93fead39b70a1824f981a54d4e55b278e9f760,2024-08-13,5,0.0,2500.02,12500.1,2,,,4.0,1.0,Fear,Fear,Crowded Long - Reduce Exposure
0x4f93fead39b70a1824f981a54d4e55b278e9f760,2024-08-14,9,2168.9015130000003,7185.148888888889,64666.34,1,5.0,1.0,4.0,1.0,Fear,Fear,Crowded Long - Reduce Exposure
0x4f93fead39b70a1824f981a54d4e55b278e9f760,2024-08-16,2,0.0,6250.0650000000005,12500.130000000001,1,,,2.0,1.0,Fear,Fear,Crowded Long - Reduce Exposure
0x4f93fead39b70a1824f981a54d4e55b278e9f760,2024-08-28,7,0.0,6784.937142857142,47494.56,1,,,7.0,1.0,Fear,Fear,Crowded Long - Reduce Exposure
0x4f93fead39b70a1824f981a54d4e55b278e9f760,2024-08-30,3,0.0,9164.183333333334,27492.550000000003,1,,,3.0,1.0,Fear,Fear,Crowded Long - Reduce Exposure
0x4f93fead39b70a1824f981a54d4e55b278e9f760,2024-09-02,2,0.0,15000.21,30000.42,1,,,2.0,1.0,Fear,Fear,Crowded Long - Reduce Exposure
0x4f93fead39b70a1824f981a54d4e55b278e9f760,2024-09-04,1,0.0,35004.98,35004.98,1,,,1.0,1.0,Fear,Fear,Crowded Long - Reduce Exposure
0x4f93fead39b70a1824f981a54d4e55b278e9f760,2024-09-06,4,0.0,8747.6675,34990.67,1,,,4.0,1.0,Extreme Fear,Fear,Crowded Long - Reduce Exposure
0x4f93fead39b70a1824f981a54d4e55b278e9f760,2024-10-02,4,0.0,24988.585,99954.34,1,,,4.0,1.0,Fear,Fear,Crowded Long - Reduce Exposure
0x4f93fead39b70a1824f981a54d4e55b278e9f760,2024-10-03,4,0.0,30002.25,120009.0,1,,,4.0,1.0,Fear,Fear,Crowded Long - Reduce Exposure
0x4f93fead39b70a1824f981a54d4e55b278e9f760,2024-10-10,16,0.0,18751.521249999998,300024.33999999997,1,,,16.0,1.0,Fear,Fear,Crowded Long - Reduce Exposure
0x4f93fead39b70a1824f981a54d4e55b278e9f760,2025-02-08,8,0.0,22498.25125,179986.01,1,,,8.0,1.0,Fear,Fear,Crowded Long - Reduce Exposure
0x4f93fead39b70a1824f981a54d4e55b278e9f760,2025-02-25,51,0.0,19559.930980392157,997556.48,1,,,51.0,1.0,Fear,Fear,Crowded Long - Reduce Exposure
0x4f93fead39b70a1824f981a54d4e55b278e9f760,2025-03-02,26,11005.991600000001,43406.429615384615,1128567.17,1,21.0,1.0,5.0,1.0,Fear,Fear,Crowded Long - Reduce Exposure
0x4f93fead39b70a1824f981a54d4e55b278e9f760,2025-03-03,12,1136.272279,26764.120833333334,321169.45,1,6.0,1.0,6.0,1.0,Fear,Fear,Crowded Long - Reduce Exposure
0x4f93fead39b70a1824f981a54d4e55b278e9f760,2025-03-06,37,3069.196282,17383.593783783785,643192.97,1,14.0,0.7142857142857143,23.0,0.8260869565217391,Fear,Fear,Crowded Long - Reduce Exposure
0x4f93fead39b70a1824f981a54d4e55b278e9f760,2025-03-08,17,0.0,7059.288823529412,120007.91,1,,,17.0,1.0,Fear,Fear,Crowded Long - Reduce Exposure
0x4f93fead39b70a1824f981a54d4e55b278e9f760,2025-03-09,11,0.0,38167.586363636365,419843.45,1,,,11.0,1.0,Fear,Fear,Crowded Long - Reduce Exposure
0x4f93fead39b70a1824f981a54d4e55b278e9f760,2025-03-10,103,14133.265684,25248.4113592233,2600586.37,1,42.0,1.0,61.0,1.0,Extreme Fear,Fear,Crowded Long - Reduce Exposure
0x4f93fead39b70a1824f981a54d4e55b278e9f760,2025-03-11,33,2479.265806,31854.999696969695,1051214.99,1,21.0,1.0,12.0,0.9166666666666666,Extreme Fear,Fear,Crowded Long - Reduce Exposure
0x4f93fead39b70a1824f981a54d4e55b278e9f760,2025-03-12,10,0.0,17999.379,179993.79,1,,,10.0,1.0,Fear,Fear,Crowded Long - Reduce Exposure
0x4f93fead39b70a1824f981a54d4e55b278e9f760,2025-03-16,6,144.99309,26689.39,160136.34,1,2.0,1.0,4.0,1.0,Fear,Fear,Crowded Long - Reduce Exposure
0x4f93fead39b70a1824f981a54d4e55b278e9f760,2025-03-18,44,362.477712,9083.757954545454,399685.35,1,1.0,1.0,43.0,0.9302325581395349,Fear,Fear,Crowded Long - Reduce Exposure
0x4f93fead39b70a1824f981a54d4e55b278e9f760,2025-03-19,29,1438.717656,11776.706206896552,341524.48,1,28.0,1.0,1.0,1.0,Fear,Fear,Crowded Long - Reduce Exposure
0x4f93fead39b70a1824f981a54d4e55b278e9f760,2025-03-21,6,0.0,30000.725000000002,180004.35,1,,,6.0,1.0,Fear,Fear,Crowded Long - Reduce Exposure
0x4f93fead39b70a1824f981a54d4e55b278e9f760,2025-03-23,10,134.82844,4013.454,40134.54,1,9.0,1.0,1.0,1.0,Fear,Fear,Crowded Long - Reduce Exposure
0x4f93fead39b70a1824f981a54d4e55b278e9f760,2025-03-27,40,4329.319769,19609.212,784368.48,1,16.0,1.0,24.0,1.0,Fear,Fear,Crowded Long - Reduce Exposure
0x4f93fead39b70a1824f981a54d4e55b278e9f760,2025-03-28,10,0.0,19998.763,199987.63,1,,,10.0,1.0,Fear,Fear,Crowded Long - Reduce Exposure
0x4f93fead39b70a1824f981a54d4e55b278e9f760,2025-03-29,8,0.0,27499.309999999998,219994.47999999998,1,,,8.0,1.0,Fear,Fear,Crowded Long - Reduce Exposure
0x4f93fead39b70a1824f981a54d4e55b278e9f760,2025-03-31,40,2112.5276,18052.58175,722103.27,1,22.0,1.0,18.0,1.0,Fear,Fear,Crowded Long - Reduce Exposure
0x4f93fead39b70a1824f981a54d4e55b278e9f760,2025-04-01,20,1402.082488,7070.317,141406.34,1,8.0,1.0,12.0,1.0,Fear,Fear,Crowded Long - Reduce Exposure
0x4f93fead39b70a1824f981a54d4e55b278e9f760,2025-04-02,1,0.0,19999.7,19999.7,1,,,1.0,1.0,Fear,Fear,Crowded Long - Reduce Exposure
0x4f93fead39b70a1824f981a54d4e55b278e9f760,2025-04-03,9,0.0,31104.344444444443,279939.1,1,,,9.0,1.0,Fear,Fear,Crowded Long - Reduce Exposure
0x4f93fead39b70a1824f981a54d4e55b278e9f760,2025-04-04,21,4591.427138999999,20216.697142857145,424550.64,1,13.0,1.0,8.0,1.0,Fear,Fear,Crowded Long - Reduce Exposure
0x4f93fead39b70a1824f981a54d4e55b278e9f760,2025-04-06,7,0.0,25710.512857142858,179973.59,1,,,7.0,1.0,Fear,Fear,Crowded Long - Reduce Exposure
0x4f93fead39b70a1824f981a54d4e55b278e9f760,2025-04-07,45,0.0,13332.73688888889,599973.16,1,,,45.0,1.0,Extreme Fear,Fear,Crowded Long - Reduce Exposure
0x4f93fead39b70a1824f981a54d4e55b278e9f760,2025-04-08,28,21114.136771999998,38252.94535714285,1071082.47,1,24.0,1.0,4.0,1.0,Extreme Fear,Fear,Crowded Long - Reduce Exposure
0x4f93fead39b70a1824f981a54d4e55b278e9f760,2025-04-09,45,25875.837656,19464.35377777778,875895.92,1,24.0,1.0,21.0,1.0,Extreme Fear,Fear,Crowded Long - Reduce Exposure
0x4f93fead39b70a1824f981a54d4e55b278e9f760,2025-04-10,9,0.0,16655.645555555555,149900.81,1,,,9.0,1.0,Fear,Fear,Crowded Long - Reduce Exposure
0x4f93fead39b70a1824f981a54d4e55b278e9f760,2025-04-14,27,322.73095,4642.299259259259,125342.08,1,4.0,1.0,23.0,1.0,Fear,Fear,Crowded Long - Reduce Exposure
0x4f93fead39b70a1824f981a54d4e55b278e9f760,2025-04-16,4,0.0,18749.704999999998,74998.81999999999,1,,,4.0,1.0,Fear,Fear,Crowded Long - Reduce Exposure
0x4f93fead39b70a1824f981a54d4e55b278e9f760,2025-04-17,9,1713.120195,19636.307777777776,176726.77,1,8.0,1.0,1.0,1.0,Fear,Fear,Crowded Long - Reduce Exposure
0x4f93fead39b70a1824f981a54d4e55b278e9f760,2025-04-18,4,0.0,12499.515,49998.06,1,,,4.0,1.0,Fear,Fear,Crowded Long - Reduce Exposure
0x4f93fead39b70a1824f981a54d4e55b278e9f760,2025-04-19,18,721.976596,8373.388333333334,150720.99000000002,1,13.0,1.0,5.0,1.0,Fear,Fear,Crowded Long - Reduce Exposure
0x4f93fead39b70a1824f981a54d4e55b278e9f760,2025-04-20,8,0.0,15624.63125,124997.05,1,,,8.0,1.0,Fear,Fear,Crowded Long - Reduce Exposure
0x513b8629fe877bb581bf244e326a047b249c4ff1,2025-03-17,35,0.0,9144.806857142858,320068.24,2,,,35.0,1.0,Fear,Fear,Crowded Long - Reduce Exposure
0x513b8629fe877bb581bf244e326a047b249c4ff1,2025-03-27,77,0.0,2064.410909090909,158959.64,1,,,77.0,1.0,Fear,Fear,Crowded Long - Reduce Exposure
0x513b8629fe877bb581bf244e326a047b249c4ff1,2025-04-01,13,0.0,13807.81,179501.53,1,,,13.0,1.0,Fear,Fear,Crowded Long - Reduce Exposure
0x513b8629fe877bb581bf244e326a047b249c4ff1,2025-04-03,49,0.0,2260.9597959183675,110787.03,1,,,49.0,1.0,Fear,Fear,Crowded Long - Reduce Exposure
0x513b8629fe877bb581bf244e326a047b249c4ff1,2025-04-05,34,0.0,2537.0485294117643,86259.65,1,,,34.0,1.0,Fear,Fear,Crowded Long - Reduce Exposure
0x513b8629fe877bb581bf244e326a047b249c4ff1,2025-04-08,148,3131.840108,9667.030743243244,1430720.55,1,16.0,1.0,132.0,1.0,Extreme Fear,Fear,Crowded Long - Reduce Exposure
0x513b8629fe877bb581bf244e326a047b249c4ff1,2025-04-11,65,0.0,33255.74600000001,2161623.49,1,,,65.0,1.0,Fear,Fear,Crowded Long - Reduce Exposure
0x513b8629fe877bb581bf244e326a047b249c4ff1,2025-04-14,230,7922.167264999999,38233.16656521739,8793628.31,1,90.0,0.6444444444444445,140.0,1.0,Fear,Fear,Crowded Long - Reduce Exposure
0x513b8629fe877bb581bf244e326a047b249c4ff1,2025-04-16,886,41498.141783,39232.42645598194,34759929.84,1,380.0,0.9,506.0,0.841897233201581,Fear,Fear,Crowded Long - Reduce Exposure
0x513b8629fe877bb581bf244e326a047b249c4ff1,2025-04-17,5,0.0,147619.302,738096.51,1,,,5.0,1.0,Fear,Fear,Crowded Long - Reduce Exposure
0x513b8629fe877bb581bf244e326a047b249c4ff1,2025-04-18,379,43400.145539,58751.562744063325,22266842.28,2,289.0,1.0,90.0,1.0,Fear,Fear,Crowded Long - Reduce Exposure
0x513b8629fe877bb581bf244e326a047b249c4ff1,2025-04-19,637,62373.791703999996,43140.85288854003,27480723.29,2,229.0,1.0,408.0,0.8897058823529411,Fear,Fear,Crowded Long - Reduce Exposure
0x513b8629fe877bb581bf244e326a047b249c4ff1,2025-04-20,160,0.0,52569.3078125,8411089.25,1,,,160.0,1.0,Fear,Fear,Crowded Long - Reduce Exposure
0x6d6a4b953f202f8df5bed40692e7fd865318264a,2025-04-06,22,207.98348199999998,1384.9813636363635,30469.59,3,10.0,1.0,1.0,1.0,Fear,Fear,Crowded Long - Reduce Exposure
0x72743ae2822edd658c0c50608fd7c5c501b2afbd,2025-04-09,355,33980.0,8095.553154929577,2873921.37,1,312.0,1.0,43.0,1.0,Extreme Fear,Fear,Crowded Long - Reduce Exposure
0x72c6a4624e1dffa724e6d00d64ceae698af892a0,2025-02-25,137,81776.7151,1940.033503649635,265784.58999999997,2,136.0,1.0,1.0,1.0,Fear,Fear,Crowded Long - Reduce Exposure
0x72c6a4624e1dffa724e6d00d64ceae698af892a0,2025-02-28,3,15700.5,7567.57,22702.71,2,2.0,1.0,1.0,1.0,Extreme Fear,Fear,Crowded Long - Reduce Exposure
0x72c6a4624e1dffa724e6d00d64ceae698af892a0,2025-03-03,16,17247.427499999998,3784.509375,60552.15,3,10.0,1.0,6.0,1.0,Fear,Fear,Crowded Long - Reduce Exposure
0x72c6a4624e1dffa724e6d00d64ceae698af892a0,2025-03-04,155,169132.29611,3030.0763225806454,469661.83,3,154.0,0.5,1.0,1.0,Extreme Fear,Fear,Crowded Long - Reduce Exposure
0x72c6a4624e1dffa724e6d00d64ceae698af892a0,2025-03-07,10,0.0,496.50100000000003,4965.01,2,,,10.0,1.0,Fear,Fear,Crowded Long - Reduce Exposure
0x72c6a4624e1dffa724e6d00d64ceae698af892a0,2025-03-08,7,0.0,480.2857142857143,3362.0,1,,,7.0,1.0,Fear,Fear,Crowded Long - Reduce Exposure
0x72c6a4624e1dffa724e6d00d64ceae698af892a0,2025-03-09,21,0.0,232.88047619047617,4890.49,2,,,21.0,0.9047619047619048,Fear,Fear,Crowded Long - Reduce Exposure
0x75f7eeb85dc639d5e99c78f95393aa9a5f1170d4,2025-02-08,2,235.47104,6882.275,13764.55,1,1.0,1.0,1.0,1.0,Fear,Fear,Crowded Long - Reduce Exposure
0x75f7eeb85dc639d5e99c78f95393aa9a5f1170d4,2025-03-03,101,-370.250064,1018.7064356435644,102889.35,2,68.0,0.8970588235294118,33.0,1.0,Fear,Fear,Crowded Long - Reduce Exposure
0x75f7eeb85dc639d5e99c78f95393aa9a5f1170d4,2025-03-12,24,788.209533,2053.1325,49275.18,1,21.0,1.0,3.0,1.0,Fear,Fear,Crowded Long - Reduce Exposure
0x75f7eeb85dc639d5e99c78f95393aa9a5f1170d4,2025-03-16,15,941.32505,2071.034666666667,31065.52,1,14.0,1.0,1.0,1.0,Fear,Fear,Crowded Long - Reduce Exposure
0x75f7eeb85dc639d5e99c78f95393aa9a5f1170d4,2025-03-19,43,106.886191,1166.1046511627908,50142.5,1,42.0,0.9285714285714286,1.0,1.0,Fear,Fear,Crowded Long - Reduce Exposure
0x75f7eeb85dc639d5e99c78f95393aa9a5f1170d4,2025-03-29,83,133.123947,507.97253012048196,42161.72,1,81.0,0.8148148148148148,2.0,1.0,Fear,Fear,Crowded Long - Reduce Exposure
0x75f7eeb85dc639d5e99c78f95393aa9a5f1170d4,2025-03-31,52,1239.24045,952.425,49526.1,1,51.0,1.0,1.0,1.0,Fear,Fear,Crowded Long - Reduce Exposure
0x75f7eeb85dc639d5e99c78f95393aa9a5f1170d4,2025-04-06,39,3370.85855,3952.829230769231,154160.34,1,36.0,1.0,3.0,1.0,Fear,Fear,Crowded Long - Reduce Exposure
0x75f7eeb85dc639d5e99c78f95393aa9a5f1170d4,2025-04-08,43,948.85929,1116.5534883720932,48011.8,1,42.0,1.0,1.0,1.0,Extreme Fear,Fear,Crowded Long - Reduce Exposure
0x75f7eeb85dc639d5e99c78f95393aa9a5f1170d4,2025-04-12,44,1442.90516,1396.4452272727274,61443.590000000004,1,42.0,1.0,2.0,1.0,Fear,Fear,Crowded Long - Reduce Exposure
0x7f4f299f74eec87806a830e3caa9afa5f2b9db8f,2025-04-08,26,246.8944,2155.8880769230773,56053.090000000004,1,16.0,1.0,10.0,1.0,Extreme Fear,Fear,Crowded Long - Reduce Exposure
0x8170715b3b381dffb7062c0298972d4727a0a63b,2025-03-07,12,0.0,12499.980833333333,149999.77,1,,,12.0,1.0,Fear,Fear,Crowded Long - Reduce Exposure
0x8170715b3b381dffb7062c0298972d4727a0a63b,2025-03-08,38,0.0,2631.5215789473687,99997.82,1,,,38.0,1.0,Fear,Fear,Crowded Long - Reduce Exposure
0x8170715b3b381dffb7062c0298972d4727a0a63b,2025-03-10,14,4297.3227640000005,3928.565714285714,54999.92,2,5.0,1.0,9.0,1.0,Extreme Fear,Fear,Crowded Long - Reduce Exposure
0x8170715b3b381dffb7062c0298972d4727a0a63b,2025-03-29,86,19573.830158,1162.7798837209302,99999.07,2,44.0,1.0,42.0,1.0,Fear,Fear,Crowded Long - Reduce Exposure
0x8170715b3b381dffb7062c0298972d4727a0a63b,2025-03-30,31,9683.820194,2259.391935483871,70041.15,3,17.0,0.8823529411764706,14.0,1.0,Fear,Fear,Crowded Long - Reduce Exposure
0x8170715b3b381dffb7062c0298972d4727a0a63b,2025-03-31,8,5544.028638,4999.98625,39999.89,2,6.0,1.0,2.0,1.0,Fear,Fear,Crowded Long - Reduce Exposure
0x8170715b3b381dffb7062c0298972d4727a0a63b,2025-04-06,14,17621.701092,13571.328571428572,189998.6,2,8.0,1.0,6.0,1.0,Fear,Fear,Crowded Long - Reduce Exposure
0x8170715b3b381dffb7062c0298972d4727a0a63b,2025-04-08,8,0.0,18749.877500000002,149999.02000000002,1,,,8.0,1.0,Extreme Fear,Fear,Crowded Long - Reduce Exposure
0x8381e6d82f1affd39a336e143e081ef7620a3b7f,2025-02-10,10,0.0,1089.435,10894.349999999999,1,,,10.0,1.0,Fear,Fear,Crowded Long - Reduce Exposure
0x8381e6d82f1affd39a336e143e081ef7620a3b7f,2025-04-11,3,0.0,6864.066666666667,20592.2,1,,,3.0,1.0,Fear,Fear,Crowded Long - Reduce Exposure
0x8477e447846c758f5a675856001ea72298fd9cb5,2024-08-04,17,109.005815,2129.0517647058823,36193.88,2,3.0,1.0,14.0,1.0,Fear,Fear,Crowded Long - Reduce Exposure
0x8477e447846c758f5a675856001ea72298fd9cb5,2024-08-05,17,160.44369899999998,2357.7947058823524,40082.509999999995,1,7.0,1.0,10.0,1.0,Fear,Fear,Crowded Long - Reduce Exposure
0x8477e447846c758f5a675856001ea72298fd9cb5,2025-02-03,138,1474.607584,1645.3448550724638,227057.59,5,67.0,1.0,71.0,1.0,Fear,Fear,Crowded Long - Reduce Exposure
0x8477e447846c758f5a675856001ea72298fd9cb5,2025-02-25,4,0.0,1249.875,4999.5,1,,,4.0,1.0,Fear,Fear,Crowded Long - Reduce Exposure
0x8477e447846c758f5a675856001ea72298fd9cb5,2025-02-27,1,0.0,2499.69,2499.69,1,,,1.0,1.0,Extreme Fear,Fear,Crowded Long - Reduce Exposure
0x8477e447846c758f5a675856001ea72298fd9cb5,2025-03-04,8,54.2704,1117.82,8942.56,2,1.0,1.0,7.0,1.0,Extreme Fear,Fear,Crowded Long - Reduce Exposure
0x8477e447846c758f5a675856001ea72298fd9cb5,2025-03-10,3,0.0,1666.1666666666667,4998.5,2,,,3.0,1.0,Extreme Fear,Fear,Crowded Long - Reduce Exposure
0x8477e447846c758f5a675856001ea72298fd9cb5,2025-03-11,8,94.48255800000001,1261.5125,10092.1,3,7.0,0.8571428571428571,1.0,1.0,Extreme Fear,Fear,Crowded Long - Reduce Exposure
0x8477e447846c758f5a675856001ea72298fd9cb5,2025-03-12,3,0.0,666.82,2000.46,1,,,3.0,1.0,Fear,Fear,Crowded Long - Reduce Exposure
0x8477e447846c758f5a675856001ea72298fd9cb5,2025-04-03,6,0.0,666.2016666666667,3997.21,1,,,6.0,1.0,Fear,Fear,Crowded Long - Reduce Exposure
0x8477e447846c758f5a675856001ea72298fd9cb5,2025-04-04,54,586.623362,483.5138888888889,26109.75,5,17.0,1.0,37.0,0.8108108108108109,Fear,Fear,Crowded Long - Reduce Exposure
0x8477e447846c758f5a675856001ea72298fd9cb5,2025-04-06,28,67.080809,443.69,12423.32,4,4.0,1.0,24.0,1.0,Fear,Fear,Crowded Long - Reduce Exposure
0x8477e447846c758f5a675856001ea72298fd9cb5,2025-04-07,270,632.303024,1849.3804444444443,499332.72,6,103.0,0.7087378640776699,167.0,0.8083832335329342,Extreme Fear,Fear,Crowded Long - Reduce Exposure
0x92f17e8d81a944691c10e753af1b1baae1a2cd0d,2025-04-14,25,-621.54506,20063.1732,501579.33,1,7.0,0.0,18.0,1.0,Fear,Fear,Crowded Long - Reduce Exposure
0x92f17e8d81a944691c10e753af1b1baae1a2cd0d,2025-04-16,4,0.0,42034.5,168138.0,1,,,4.0,1.0,Fear,Fear,Crowded Long - Reduce Exposure
0xa0feb3725a9335f49874d7cd8eaad6be45b27416,2025-02-03,15,2161.6751200000003,8577.862,128667.93,2,6.0,1.0,9.0,1.0,Fear,Fear,Crowded Long - Reduce Exposure
0xa0feb3725a9335f49874d7cd8eaad6be45b27416,2025-02-07,787,6119.377807,1749.6032401524778,1376937.75,5,202.0,1.0,585.0,0.9965811965811966,Fear,Fear,Crowded Long - Reduce Exposure
0xa0feb3725a9335f49874d7cd8eaad6be45b27416,2025-02-08,328,330.039883,764.5767682926829,250781.18,4,96.0,1.0,232.0,1.0,Fear,Fear,Crowded Long - Reduce Exposure
0xa0feb3725a9335f49874d7cd8eaad6be45b27416,2025-02-10,304,1338.39845,868.6251644736842,264062.05,2,185.0,1.0,119.0,1.0,Fear,Fear,Crowded Long - Reduce Exposure
0xa0feb3725a9335f49874d7cd8eaad6be45b27416,2025-02-19,400,1280.6095579999999,1091.899,436759.6,2,134.0,1.0,266.0,1.0,Fear,Fear,Crowded Long - Reduce Exposure
0xa0feb3725a9335f49874d7cd8eaad6be45b27416,2025-02-25,193,826.548369,626.2487046632124,120866.0,2,54.0,1.0,139.0,1.0,Fear,Fear,Crowded Long - Reduce Exposure
0xa0feb3725a9335f49874d7cd8eaad6be45b27416,2025-02-26,20,0.0,749.8255,14996.51,3,,,20.0,1.0,Extreme Fear,Fear,Crowded Long - Reduce Exposure
0xa0feb3725a9335f49874d7cd8eaad6be45b27416,2025-02-27,13,0.0,768.6484615384616,9992.43,1,,,13.0,1.0,Extreme Fear,Fear,Crowded Long - Reduce Exposure
0xa0feb3725a9335f49874d7cd8eaad6be45b27416,2025-02-28,197,1011.258943,623.2444670050761,122779.16,2,62.0,0.9838709677419355,135.0,0.9481481481481482,Extreme Fear,Fear,Crowded Long - Reduce Exposure
0xa0feb3725a9335f49874d7cd8eaad6be45b27416,2025-03-02,32,625.512206,1691.2284375000002,54119.310000000005,1,16.0,1.0,16.0,1.0,Fear,Fear,Crowded Long - Reduce Exposure
0xa0feb3725a9335f49874d7cd8eaad6be45b27416,2025-03-03,176,60.171373,234.52426136363636,41276.27,3,16.0,0.9375,160.0,1.0,Fear,Fear,Crowded Long - Reduce Exposure
0xa0feb3725a9335f49874d7cd8eaad6be45b27416,2025-03-04,40,0.0,369.27675,14771.07,1,,,40.0,1.0,Extreme Fear,Fear,Crowded Long - Reduce Exposure
0xa0feb3725a9335f49874d7cd8eaad6be45b27416,2025-03-14,8,0.0,874.97875,6999.83,1,,,8.0,1.0,Fear,Fear,Crowded Long - Reduce Exposure
0xa520ded057a32086c40e7dd6ed4eb8efb82c00e0,2024-08-03,16,0.0,9281.686875,148506.99,1,,,16.0,1.0,Fear,Fear,Crowded Long - Reduce Exposure
0xa520ded057a32086c40e7dd6ed4eb8efb82c00e0,2024-08-21,2,0.0,1000.14,2000.28,1,,,2.0,1.0,Fear,Fear,Crowded Long - Reduce Exposure
0xae5eacaf9c6b9111fd53034a602c192a04e082ed,2025-03-04,21,0.0,7268.525238095238,152639.03,1,,,21.0,1.0,Extreme Fear,Fear,Crowded Long - Reduce Exposure
0xae5eacaf9c6b9111fd53034a602c192a04e082ed,2025-03-05,9,0.0,3500.644444444444,31505.8,1,,,9.0,1.0,Extreme Fear,Fear,Crowded Long - Reduce Exposure
0xae5eacaf9c6b9111fd53034a602c192a04e082ed,2025-03-11,4,0.0,6911.925,27647.7,1,,,4.0,1.0,Extreme Fear,Fear,Crowded Long - Reduce Exposure
0xae5eacaf9c6b9111fd53034a602c192a04e082ed,2025-03-18,38,0.0,2461.443421052632,93534.85,1,,,38.0,1.0,Fear,Fear,Crowded Long - Reduce Exposure
0xae5eacaf9c6b9111fd53034a602c192a04e082ed,2025-04-08,33,0.0,2865.9021212121215,94574.77,2,,,33.0,1.0,Extreme Fear,Fear,Crowded Long - Reduce Exposure
0xae5eacaf9c6b9111fd53034a602c192a04e082ed,2025-04-09,13,622.41079,792.1807692307691,10298.349999999999,1,6.0,1.0,7.0,1.0,Extreme Fear,Fear,Crowded Long - Reduce Exposure
0xae5eacaf9c6b9111fd53034a602c192a04e082ed,2025-04-12,45,2513.430964,2262.842,101827.89,1,24.0,1.0,21.0,1.0,Fear,Fear,Crowded Long - Reduce Exposure
0xae5eacaf9c6b9111fd53034a602c192a04e082ed,2025-04-21,21,0.0,2434.7928571428574,51130.65,1,,,21.0,1.0,Fear,Fear,Crowded Long - Reduce Exposure
0xaf40fdc468c30116bd3307bcbf4a451a7ebf1deb,2025-03-16,125,-1017.424213,5323.34248,665417.81,2,43.0,0.4186046511627907,80.0,1.0,Fear,Fear,Crowded Long - Reduce Exposure
0xaf40fdc468c30116bd3307bcbf4a451a7ebf1deb,2025-03-17,35,-1646.3529,9477.486,331712.01,2,33.0,0.0,2.0,1.0,Fear,Fear,Crowded Long - Reduce Exposure
0xaf40fdc468c30116bd3307bcbf4a451a7ebf1deb,2025-03-18,21,0.0,3925.5247619047623,82436.02,1,,,21.0,1.0,Fear,Fear,Crowded Long - Reduce Exposure
0xaf40fdc468c30116bd3307bcbf4a451a7ebf1deb,2025-03-27,21,894.0,16543.90380952381,347421.98,1,6.0,1.0,15.0,1.0,Fear,Fear,Crowded Long - Reduce Exposure
0xaf40fdc468c30116bd3307bcbf4a451a7ebf1deb,2025-03-28,54,1342.0,6430.7037037037035,347258.0,1,4.0,1.0,50.0,1.0,Fear,Fear,Crowded Long - Reduce Exposure
0xaf40fdc468c30116bd3307bcbf4a451a7ebf1deb,2025-04-03,8,2020.0,42527.5,340220.0,1,1.0,1.0,7.0,1.0,Fear,Fear,Crowded Long - Reduce Exposure
0xaf40fdc468c30116bd3307bcbf4a451a7ebf1deb,2025-04-05,8,2400.0,41637.49875,333099.99,1,1.0,1.0,7.0,1.0,Fear,Fear,Crowded Long - Reduce Exposure
0xaf40fdc468c30116bd3307bcbf4a451a7ebf1deb,2025-04-07,17,0.0,2238.4694117647055,38053.979999999996,1,,,17.0,1.0,Extreme Fear,Fear,Crowded Long - Reduce Exposure
0xb1231a4a2dd02f2276fa3c5e2a2f3436e6bfed23,2024-07-04,11,0.0,15958.708181818183,175545.79,2,,,8.0,1.0,Fear,Fear,Crowded Long - Reduce Exposure
0xb1231a4a2dd02f2276fa3c5e2a2f3436e6bfed23,2024-08-03,6,0.0,4168.69,25012.14,2,,,5.0,1.0,Fear,Fear,Crowded Long - Reduce Exposure
0xb1231a4a2dd02f2276fa3c5e2a2f3436e6bfed23,2024-08-04,27,0.0,5002.563703703704,135069.22,4,,,23.0,1.0,Fear,Fear,Crowded Long - Reduce Exposure
0xb1231a4a2dd02f2276fa3c5e2a2f3436e6bfed23,2024-08-06,80,51.56325,758.8422499999999,60707.38,4,5.0,1.0,5.0,1.0,Extreme Fear,Fear,Crowded Long - Reduce Exposure
0xb1231a4a2dd02f2276fa3c5e2a2f3436e6bfed23,2024-08-08,5,0.0,3168.014,15840.07,3,,,2.0,1.0,Extreme Fear,Fear,Crowded Long - Reduce Exposure
0xb1231a4a2dd02f2276fa3c5e2a2f3436e6bfed23,2024-08-16,33,825.230544,4663.112424242424,153882.71,3,3.0,1.0,5.0,1.0,Fear,Fear,Crowded Long - Reduce Exposure
0xb1231a4a2dd02f2276fa3c5e2a2f3436e6bfed23,2024-08-19,8,339.69958299999996,12539.37875,100315.03,1,5.0,1.0,3.0,1.0,Fear,Fear,Crowded Long - Reduce Exposure
0xb1231a4a2dd02f2276fa3c5e2a2f3436e6bfed23,2025-03-04,77,0.0,1769.9948051948052,136289.6,2,,,70.0,1.0,Extreme Fear,Fear,Crowded Long - Reduce Exposure
0xb1231a4a2dd02f2276fa3c5e2a2f3436e6bfed23,2025-03-05,89,4647.056049,2021.519213483146,179915.21,1,57.0,1.0,32.0,1.0,Extreme Fear,Fear,Crowded Long - Reduce Exposure
0xb1231a4a2dd02f2276fa3c5e2a2f3436e6bfed23,2025-03-06,66,698.036952,1905.741818181818,125778.95999999999,1,29.0,1.0,37.0,1.0,Fear,Fear,Crowded Long - Reduce Exposure
0xb1231a4a2dd02f2276fa3c5e2a2f3436e6bfed23,2025-03-07,49,0.0,2891.8463265306123,141700.47,1,,,49.0,1.0,Fear,Fear,Crowded Long - Reduce Exposure
0xb1231a4a2dd02f2276fa3c5e2a2f3436e6bfed23,2025-03-08,138,2923.553302,1772.4605797101449,244599.56,1,117.0,1.0,21.0,1.0,Fear,Fear,Crowded Long - Reduce Exposure
0xb1231a4a2dd02f2276fa3c5e2a2f3436e6bfed23,2025-03-09,296,2752.480766,1777.5894594594595,526166.48,1,90.0,1.0,206.0,1.0,Fear,Fear,Crowded Long - Reduce Exposure
0xb1231a4a2dd02f2276fa3c5e2a2f3436e6bfed23,2025-03-10,61,0.0,2392.7903278688523,145960.21,2,,,55.0,1.0,Extreme Fear,Fear,Crowded Long - Reduce Exposure
0xb1231a4a2dd02f2276fa3c5e2a2f3436e6bfed23,2025-03-11,273,2349.7162,1993.2828205128203,544166.21,1,260.0,0.5,13.0,1.0,Extreme Fear,Fear,Crowded Long - Reduce Exposure
0xb1231a4a2dd02f2276fa3c5e2a2f3436e6bfed23,2025-03-12,334,1215.156099,1351.2349101796408,451312.46,1,34.0,1.0,300.0,1.0,Fear,Fear,Crowded Long - Reduce Exposure
0xb1231a4a2dd02f2276fa3c5e2a2f3436e6bfed23,2025-03-17,113,646.346496,718.1312389380531,81148.83,5,30.0,1.0,20.0,1.0,Fear,Fear,Crowded Long - Reduce Exposure
0xb1231a4a2dd02f2276fa3c5e2a2f3436e6bfed23,2025-04-03,9,0.0,5555.549999999999,49999.95,1,,,9.0,1.0,Fear,Fear,Crowded Long - Reduce Exposure
0xb1231a4a2dd02f2276fa3c5e2a2f3436e6bfed23,2025-04-04,99,2242.086667,1138.8816161616162,112749.28,1,65.0,1.0,34.0,1.0,Fear,Fear,Crowded Long - Reduce Exposure
0xb1231a4a2dd02f2276fa3c5e2a2f3436e6bfed23,2025-04-07,80,3601.4274,1713.7372500000001,137098.98,1,38.0,1.0,42.0,1.0,Extreme Fear,Fear,Crowded Long - Reduce Exposure
0xb899e522b5715391ae1d4f137653e7906c5e2115,2025-02-28,7,-72.202951,735.4342857142857,5148.04,1,5.0,0.0,2.0,1.0,Extreme Fear,Fear,Crowded Long - Reduce Exposure
0xb899e522b5715391ae1d4f137653e7906c5e2115,2025-03-02,155,34795.678173,24787.07348387097,3841996.39,2,75.0,1.0,80.0,1.0,Fear,Fear,Crowded Long - Reduce Exposure
0xb899e522b5715391ae1d4f137653e7906c5e2115,2025-03-03,31,535.4072209999999,16874.44419354839,523107.77,1,14.0,1.0,17.0,1.0,Fear,Fear,Crowded Long - Reduce Exposure
0xb899e522b5715391ae1d4f137653e7906c5e2115,2025-03-05,100,2036.224492,17587.334199999998,1758733.42,1,38.0,1.0,62.0,1.0,Extreme Fear,Fear,Crowded Long - Reduce Exposure
0xb899e522b5715391ae1d4f137653e7906c5e2115,2025-03-07,659,5348.62711,19006.84864946889,12525513.26,2,361.0,0.8393351800554016,298.0,1.0,Fear,Fear,Crowded Long - Reduce Exposure
0xb899e522b5715391ae1d4f137653e7906c5e2115,2025-03-10,358,9163.142483,21399.0256424581,7660851.18,1,120.0,1.0,238.0,1.0,Extreme Fear,Fear,Crowded Long - Reduce Exposure
0xb899e522b5715391ae1d4f137653e7906c5e2115,2025-03-30,48,685.277142,27852.182083333333,1336904.74,1,24.0,1.0,24.0,1.0,Fear,Fear,Crowded Long - Reduce Exposure
0xb899e522b5715391ae1d4f137653e7906c5e2115,2025-04-04,6,0.0,16948.606666666667,101691.64,1,,,6.0,1.0,Fear,Fear,Crowded Long - Reduce Exposure
0xb899e522b5715391ae1d4f137653e7906c5e2115,2025-04-06,25,254.093244,19103.7724,477594.31,1,17.0,1.0,8.0,1.0,Fear,Fear,Crowded Long - Reduce Exposure
0xb899e522b5715391ae1d4f137653e7906c5e2115,2025-04-07,113,1291.1500099999998,23639.45185840708,2671258.06,1,41.0,0.7317073170731707,72.0,1.0,Extreme Fear,Fear,Crowded Long - Reduce Exposure
0xb899e522b5715391ae1d4f137653e7906c5e2115,2025-04-08,187,936.6942779999999,27027.108770053474,5054069.34,1,127.0,0.6062992125984252,60.0,1.0,Extreme Fear,Fear,Crowded Long - Reduce Exposure
0xb899e522b5715391ae1d4f137653e7906c5e2115,2025-04-09,222,6800.812401,27989.12873873874,6213586.58,1,113.0,1.0,109.0,1.0,Extreme Fear,Fear,Crowded Long - Reduce Exposure
0xb899e522b5715391ae1d4f137653e7906c5e2115,2025-04-10,116,-117.61638999999997,27220.127586206894,3157534.8,1,66.0,0.9696969696969697,50.0,1.0,Fear,Fear,Crowded Long - Reduce Exposure
0xb899e522b5715391ae1d4f137653e7906c5e2115,2025-04-15,28,554.38798,35885.474642857145,1004793.29,1,20.0,1.0,8.0,1.0,Fear,Fear,Crowded Long - Reduce Exposure
0xbaaaf6571ab7d571043ff1e313a9609a10637864,2025-02-19,121,31.42038,4940.588512396694,597811.21,2,2.0,1.0,119.0,1.0,Fear,Fear,Crowded Long - Reduce Exposure
0xbaaaf6571ab7d571043ff1e313a9609a10637864,2025-02-25,3292,5672.328492,3167.5804404617256,10427674.81,1,617.0,0.899513776337115,2675.0,1.0,Fear,Fear,Crowded Long - Reduce Exposure
0xbaaaf6571ab7d571043ff1e313a9609a10637864,2025-03-04,563,0.0,6625.281438721137,3730033.45,1,,,563.0,1.0,Extreme Fear,Fear,Crowded Long - Reduce Exposure
0xbaaaf6571ab7d571043ff1e313a9609a10637864,2025-03-05,983,229058.684298,4677.476866734486,4597959.76,1,898.0,1.0,85.0,1.0,Extreme Fear,Fear,Crowded Long - Reduce Exposure
0xbaaaf6571ab7d571043ff1e313a9609a10637864,2025-03-06,71,0.0,9899.837042253523,702888.43,1,,,71.0,1.0,Fear,Fear,Crowded Long - Reduce Exposure
0xbaaaf6571ab7d571043ff1e313a9609a10637864,2025-03-07,829,87405.926823,4768.31558504222,3952933.62,1,564.0,1.0,265.0,1.0,Fear,Fear,Crowded Long - Reduce Exposure
0xbaaaf6571ab7d571043ff1e313a9609a10637864,2025-03-09,47,10.184488,1697.1225531914893,79764.76,1,8.0,1.0,39.0,1.0,Fear,Fear,Crowded Long - Reduce Exposure
0xbaaaf6571ab7d571043ff1e313a9609a10637864,2025-03-10,667,5832.316116,5033.190044977511,3357137.76,1,208.0,1.0,459.0,1.0,Extreme Fear,Fear,Crowded Long - Reduce Exposure
0xbaaaf6571ab7d571043ff1e313a9609a10637864,2025-03-11,1651,1058.58,2186.8561296184134,3610499.47,1,77.0,1.0,1574.0,1.0,Extreme Fear,Fear,Crowded Long - Reduce Exposure
0xbaaaf6571ab7d571043ff1e313a9609a10637864,2025-03-12,2617,289639.089112,3118.5291555215895,8161190.8,1,1708.0,1.0,909.0,1.0,Fear,Fear,Crowded Long - Reduce Exposure
0xbaaaf6571ab7d571043ff1e313a9609a10637864,2025-03-14,1662,16591.266757,2140.244061371841,3557085.63,1,1478.0,1.0,184.0,1.0,Fear,Fear,Crowded Long - Reduce Exposure
0xbaaaf6571ab7d571043ff1e313a9609a10637864,2025-03-27,147,18422.612928,5352.478163265307,786814.29,1,29.0,1.0,118.0,1.0,Fear,Fear,Crowded Long - Reduce Exposure
0xbaaaf6571ab7d571043ff1e313a9609a10637864,2025-03-28,167,0.0,1783.29622754491,297810.47,1,,,167.0,1.0,Fear,Fear,Crowded Long - Reduce Exposure
0xbaaaf6571ab7d571043ff1e313a9609a10637864,2025-03-29,600,720.749699,2584.3467833333334,1550608.07,1,246.0,1.0,354.0,1.0,Fear,Fear,Crowded Long - Reduce Exposure
0xbaaaf6571ab7d571043ff1e313a9609a10637864,2025-03-30,354,0.0,3000.0830508474573,1062029.4,1,,,354.0,1.0,Fear,Fear,Crowded Long - Reduce Exposure
0xbaaaf6571ab7d571043ff1e313a9609a10637864,2025-03-31,33,0.0,8569.022424242425,282777.74,1,,,33.0,1.0,Fear,Fear,Crowded Long - Reduce Exposure
0xbaaaf6571ab7d571043ff1e313a9609a10637864,2025-04-03,937,3869.208803,4677.174855923159,4382512.84,1,498.0,0.9558232931726908,439.0,1.0,Fear,Fear,Crowded Long - Reduce Exposure
0xbaaaf6571ab7d571043ff1e313a9609a10637864,2025-04-04,318,9367.872074,2198.7353773584905,699197.85,1,218.0,0.9908256880733946,100.0,1.0,Fear,Fear,Crowded Long - Reduce Exposure
0xbaaaf6571ab7d571043ff1e313a9609a10637864,2025-04-06,499,1026.735896,2739.437655310621,1366979.39,1,172.0,1.0,327.0,1.0,Fear,Fear,Crowded Long - Reduce Exposure
0xbaaaf6571ab7d571043ff1e313a9609a10637864,2025-04-07,146,2378.877324,8733.045479452056,1275024.6400000001,2,47.0,1.0,98.0,1.0,Extreme Fear,Fear,Crowded Long - Reduce Exposure
0xbd5fead7180a9c139fa51a103cb6a2ce86ddb5c3,2025-02-28,59,67673.757678,8249.914915254238,486744.98,5,57.0,1.0,2.0,1.0,Extreme Fear,Fear,Crowded Long - Reduce Exposure
0xbd5fead7180a9c139fa51a103cb6a2ce86ddb5c3,2025-03-02,84,-2632.65866,12216.244880952381,1026164.57,3,14.0,0.0,70.0,1.0,Fear,Fear,Crowded Long - Reduce Exposure
0xbd5fead7180a9c139fa51a103cb6a2ce86ddb5c3,2025-03-03,136,57561.35367,8611.731764705883,1171195.52,5,125.0,0.896,11.0,1.0,Fear,Fear,Crowded Long - Reduce Exposure
0xbd5fead7180a9c139fa51a103cb6a2ce86ddb5c3,2025-03-04,2,0.0,86000.0,172000.0,1,,,2.0,1.0,Extreme Fear,Fear,Crowded Long - Reduce Exposure
0xbd5fead7180a9c139fa51a103cb6a2ce86ddb5c3,2025-03-12,57,-15387.62119,24693.342631578947,1407520.53,1,10.0,0.0,47.0,1.0,Fear,Fear,Crowded Long - Reduce Exposure
0xbd5fead7180a9c139fa51a103cb6a2ce86ddb5c3,2025-03-27,21,0.0,24814.283809523808,521099.95999999996,1,,,21.0,1.0,Fear,Fear,Crowded Long - Reduce Exposure
0xbd5fead7180a9c139fa51a103cb6a2ce86ddb5c3,2025-04-09,71,-36400.46439,5228.704647887324,371238.03,2,48.0,0.0,23.0,1.0,Extreme Fear,Fear,Crowded Long - Reduce Exposure
0xbd5fead7180a9c139fa51a103cb6a2ce86ddb5c3,2025-04-12,24,0.0,53073.62666666667,1273767.04,1,,,24.0,1.0,Fear,Fear,Crowded Long - Reduce Exposure
0xbd5fead7180a9c139fa51a103cb6a2ce86ddb5c3,2025-04-14,51,0.0,985.0413725490196,50237.11,2,,,51.0,0.9215686274509803,Fear,Fear,Crowded Long - Reduce Exposure
0xbee1707d6b44d4d52bfe19e41f8a828645437aab,2025-03-04,979,-4934.6700519999995,1496.3304392236976,1464907.5,2,499.0,0.7555110220440882,367.0,1.0,Extreme Fear,Fear,Crowded Long - Reduce Exposure
0xbee1707d6b44d4d52bfe19e41f8a828645437aab,2025-03-07,623,9142.064849,1885.9940930979135,1174974.32,2,354.0,0.8983050847457628,251.0,0.8605577689243028,Fear,Fear,Crowded Long - Reduce Exposure
0xbee1707d6b44d4d52bfe19e41f8a828645437aab,2025-03-09,178,805.6551000000001,1607.242191011236,286089.11,2,44.0,1.0,55.0,1.0,Fear,Fear,Crowded Long - Reduce Exposure
0xbee1707d6b44d4d52bfe19e41f8a828645437aab,2025-03-10,1428,9791.668235,1381.5543347338937,1972859.59,2,845.0,0.8603550295857988,544.0,1.0,Extreme Fear,Fear,Crowded Long - Reduce Exposure
0xbee1707d6b44d4d52bfe19e41f8a828645437aab,2025-03-16,97,5.068941999999993,1426.0048453608247,138322.47,1,13.0,0.8461538461538461,84.0,1.0,Fear,Fear,Crowded Long - Reduce Exposure
0xbee1707d6b44d4d52bfe19e41f8a828645437aab,2025-03-17,241,390.08642000000003,1349.2339834024897,325165.39,1,121.0,0.7355371900826446,120.0,1.0,Fear,Fear,Crowded Long - Reduce Exposure
0xbee1707d6b44d4d52bfe19e41f8a828645437aab,2025-03-18,266,1930.871511,1325.5640225563911,352600.03,1,142.0,0.5985915492957746,124.0,1.0,Fear,Fear,Crowded Long - Reduce Exposure
0xbee1707d6b44d4d52bfe19e41f8a828645437aab,2025-03-19,879,5253.432742,1873.024300341297,1646388.36,1,502.0,0.8545816733067729,377.0,0.8620689655172413,Fear,Fear,Crowded Long - Reduce Exposure
0xbee1707d6b44d4d52bfe19e41f8a828645437aab,2025-03-21,550,4866.15672,1152.8391272727274,634061.52,2,279.0,1.0,255.0,0.984313725490196,Fear,Fear,Crowded Long - Reduce Exposure
0xbee1707d6b44d4d52bfe19e41f8a828645437aab,2025-03-23,178,882.848973,972.4924719101124,173103.66,2,18.0,1.0,121.0,1.0,Fear,Fear,Crowded Long - Reduce Exposure
0xbee1707d6b44d4d52bfe19e41f8a828645437aab,2025-03-29,965,-3661.1103980000003,1381.2940414507773,1332948.75,2,462.0,0.6666666666666666,502.0,1.0,Fear,Fear,Crowded Long - Reduce Exposure
0xbee1707d6b44d4d52bfe19e41f8a828645437aab,2025-03-30,53,536.150767,1635.4145283018868,86676.97,1,26.0,1.0,27.0,1.0,Fear,Fear,Crowded Long - Reduce Exposure
0xbee1707d6b44d4d52bfe19e41f8a828645437aab,2025-03-31,81,41.27745400000002,809.165061728395,65542.37,2,79.0,0.7088607594936709,2.0,1.0,Fear,Fear,Crowded Long - Reduce Exposure
0xbee1707d6b44d4d52bfe19e41f8a828645437aab,2025-04-03,261,-3368.876326,1706.5415708812259,445407.35,2,69.0,0.0,186.0,1.0,Fear,Fear,Crowded Long - Reduce Exposure
0xbee1707d6b44d4d52bfe19e41f8a828645437aab,2025-04-04,326,-4513.160132,1419.9448159509202,462902.01,1,204.0,0.2549019607843137,122.0,1.0,Fear,Fear,Crowded Long - Reduce Exposure
0xbee1707d6b44d4d52bfe19e41f8a828645437aab,2025-04-05,90,1113.761229,1116.7745555555557,100509.71,1,27.0,1.0,63.0,1.0,Fear,Fear,Crowded Long - Reduce Exposure
0xbee1707d6b44d4d52bfe19e41f8a828645437aab,2025-04-06,114,1828.77716,2081.839298245614,237329.68,1,33.0,1.0,81.0,1.0,Fear,Fear,Crowded Long - Reduce Exposure
0xbee1707d6b44d4d52bfe19e41f8a828645437aab,2025-04-07,386,-9593.258137,1632.7632383419689,630246.61,1,234.0,0.08547008547008547,152.0,1.0,Extreme Fear,Fear,Crowded Long - Reduce Exposure
0xbee1707d6b44d4d52bfe19e41f8a828645437aab,2025-04-08,167,11735.32104,1521.912754491018,254159.43,1,125.0,1.0,42.0,1.0,Extreme Fear,Fear,Crowded Long - Reduce Exposure
0xbee1707d6b44d4d52bfe19e41f8a828645437aab,2025-04-09,134,2503.69251,1143.0998507462687,153175.38,2,107.0,0.7850467289719626,6.0,1.0,Extreme Fear,Fear,Crowded Long - Reduce Exposure
0xbee1707d6b44d4d52bfe19e41f8a828645437aab,2025-04-15,40,920.056063,2489.536,99581.44,2,25.0,1.0,15.0,1.0,Fear,Fear,Crowded Long - Reduce Exposure
0xbee1707d6b44d4d52bfe19e41f8a828645437aab,2025-04-16,286,1958.056487,1250.2118181818182,357560.58,2,159.0,0.4968553459119497,117.0,0.9316239316239316,Fear,Fear,Crowded Long - Reduce Exposure
